{"cameraMode":{"drawMode":0,"name":"Shaded","section":"Shading Mode"},"sceneLighting":false,"audioPlay":false,"sceneViewState":{"showFog":false,"showMaterialUpdate":false,"showSkybox":false,"showFlares":false,"showImageEffects":false,"showParticleSystems":false},"in2DMode":false,"pivot":{"x":18.600000381469728,"y":10.725086212158204,"z":-66.08699035644531},"rotation":{"x":0.26092270016670229,"y":-0.5285189747810364,"z":0.17485177516937257,"w":0.7886785864830017},"size":32.88440704345703,"orthographic":true}