{"cameraMode":{"drawMode":0,"name":"Shaded","section":"Shading Mode"},"sceneLighting":true,"audioPlay":false,"sceneViewState":{"showFog":false,"showMaterialUpdate":false,"showSkybox":false,"showFlares":false,"showImageEffects":false,"showParticleSystems":false},"in2DMode":false,"pivot":{"x":-5.910006523132324,"y":-1.4531364440917969,"z":-7.514125823974609},"rotation":{"x":-0.03831442818045616,"y":0.9609252214431763,"z":-0.1733708530664444,"w":-0.2123611867427826},"size":20.724498748779298,"orthographic":false}