{"cameraMode":{"drawMode":0,"name":"Shaded","section":"Shading Mode"},"sceneLighting":true,"audioPlay":false,"sceneViewState":{"showFog":false,"showMaterialUpdate":false,"showSkybox":false,"showFlares":false,"showImageEffects":false,"showParticleSystems":false},"in2DMode":false,"pivot":{"x":0.580662727355957,"y":0.22541892528533936,"z":-1.8824522495269776},"rotation":{"x":0.09348228573799133,"y":-0.13546937704086305,"z":0.012840277515351773,"w":0.9862779974937439},"size":2.4915099143981935,"orthographic":false}