{"cameraMode":{"drawMode":0,"name":"Shaded","section":"Shading Mode"},"sceneLighting":true,"audioPlay":false,"sceneViewState":{"showFog":false,"showMaterialUpdate":false,"showSkybox":false,"showFlares":false,"showImageEffects":false,"showParticleSystems":false},"in2DMode":false,"pivot":{"x":85.57461547851563,"y":-1.0103950500488282,"z":-47.24491882324219},"rotation":{"x":0.10766405612230301,"y":0.7789177894592285,"z":-0.13932617008686067,"w":0.6019001603126526},"size":138.31747436523438,"orthographic":false}