{"cameraMode":{"drawMode":0,"name":"Shaded","section":"Shading Mode"},"sceneLighting":true,"audioPlay":false,"sceneViewState":{"showFog":false,"showMaterialUpdate":false,"showSkybox":false,"showFlares":false,"showImageEffects":false,"showParticleSystems":false},"in2DMode":false,"pivot":{"x":-17.38596534729004,"y":23.90774917602539,"z":-12.611654281616211},"rotation":{"x":-0.03831442818045616,"y":0.9609252214431763,"z":-0.1733708530664444,"w":-0.2123611867427826},"size":62.5753288269043,"orthographic":false}