{"cameraMode":{"drawMode":0,"name":"Shaded","section":"Shading Mode"},"sceneLighting":true,"audioPlay":false,"sceneViewState":{"showFog":false,"showMaterialUpdate":false,"showSkybox":false,"showFlares":false,"showImageEffects":false,"showParticleSystems":false},"in2DMode":false,"pivot":{"x":49.632545471191409,"y":96.38796997070313,"z":25.048439025878908},"rotation":{"x":0.06124531477689743,"y":-0.08374188095331192,"z":0.005156838335096836,"w":0.9945902228355408},"size":27.824525833129884,"orthographic":false}