{"cameraMode":{"drawMode":0,"name":"Shaded","section":"Shading Mode"},"sceneLighting":true,"audioPlay":false,"sceneViewState":{"showFog":false,"showMaterialUpdate":false,"showSkybox":false,"showFlares":false,"showImageEffects":false,"showParticleSystems":false},"in2DMode":false,"pivot":{"x":1.627596139907837,"y":2.078563690185547,"z":-1.818267822265625},"rotation":{"x":0.1470811516046524,"y":-0.2905834913253784,"z":0.04525582119822502,"w":0.9443942308425903},"size":3.391509771347046,"orthographic":false}