{"cameraMode":{"drawMode":0,"name":"Shaded","section":"Shading Mode"},"sceneLighting":false,"audioPlay":false,"sceneViewState":{"showFog":false,"showMaterialUpdate":false,"showSkybox":false,"showFlares":false,"showImageEffects":false,"showParticleSystems":false},"in2DMode":false,"pivot":{"x":-29.6201171875,"y":4.36602783203125,"z":-47.313446044921878},"rotation":{"x":0.04054535925388336,"y":0.6590978503227234,"z":-0.035626448690891269,"w":0.7501179575920105},"size":8.106141090393067,"orthographic":true}