{"cameraMode":{"drawMode":0,"name":"Shaded","section":"Shading Mode"},"sceneLighting":true,"audioPlay":false,"sceneViewState":{"showFog":false,"showMaterialUpdate":false,"showSkybox":false,"showFlares":false,"showImageEffects":false,"showParticleSystems":false},"in2DMode":false,"pivot":{"x":-0.000306924368487671,"y":-0.000708162784576416,"z":0.0},"rotation":{"x":-0.03136705234646797,"y":0.7558581829071045,"z":-0.03630909323692322,"w":-0.6529748439788818},"size":3.097963809967041,"orthographic":false}