{"cameraMode":{"drawMode":0,"name":"Shaded","section":"Shading Mode"},"sceneLighting":false,"audioPlay":false,"sceneViewState":{"showFog":false,"showMaterialUpdate":false,"showSkybox":false,"showFlares":false,"showImageEffects":false,"showParticleSystems":false},"in2DMode":false,"pivot":{"x":19.194658279418947,"y":-2.9657435417175295,"z":46.47406768798828},"rotation":{"x":0.06296426057815552,"y":0.6990370750427246,"z":-0.06202680617570877,"w":0.7096022367477417},"size":76.74690246582031,"orthographic":false}