{"cameraMode":{"drawMode":0,"name":"Shaded","section":"Shading Mode"},"sceneLighting":true,"audioPlay":false,"sceneViewState":{"showFog":false,"showMaterialUpdate":false,"showSkybox":false,"showFlares":false,"showImageEffects":false,"showParticleSystems":false},"in2DMode":false,"pivot":{"x":-6.372010707855225,"y":16.93935203552246,"z":-65.09054565429688},"rotation":{"x":0.027991821989417077,"y":0.962293803691864,"z":-0.10871731489896774,"w":0.24776527285575868},"size":27.66104507446289,"orthographic":false}